Vuosi,y_coord,x_coord,Onnettomuustyyppi 1
2010,6677247,3391185,21 Rakennuspalo
2010,6677047,3386995,21 Rakennuspalo
2010,6679340,3371174,21 Rakennuspalo
2010,6674145,3391547,21 Rakennuspalo
2010,6677458,3386778,21 Rakennuspalo
2010,6673928,3382927,21 Rakennuspalo
2010,6679130,3393805,21 Rakennuspalo
2010,6694690,3394237,21 Rakennuspalo
2010,6676349,3385090,21 Rakennuspalo
2010,6687380,3396362,21 Rakennuspalo
2010,6677147,3387845,21 Rakennuspalo
2010,6681403,3384012,21 Rakennuspalo
2010,6673892,3392017,21 Rakennuspalo
2010,6689009,3384642,21 Rakennuspalo
2010,6676572,3386144,21 Rakennuspalo
2010,6683940,3389036,21 Rakennuspalo
2010,6672803,3386658,21 Rakennuspalo
2010,6675172,3391356,21 Rakennuspalo
2010,6674778,3391270,21 Rakennuspalo
2010,6679519,3386726,21 Rakennuspalo
2010,6674778,3391270,21 Rakennuspalo
2010,6673854,3384533,21 Rakennuspalo
2010,6691567,3394665,21 Rakennuspalo
2010,6694406,3382395,21 Rakennuspalo
2010,6684019,3389049,21 Rakennuspalo
2010,6683918,3389036,21 Rakennuspalo
2010,6677929,3397215,21 Rakennuspalo
2010,6682372,3382432,21 Rakennuspalo
2010,6674541,3372842,21 Rakennuspalo
2010,6674736,3368692,21 Rakennuspalo
2010,6682149,3381181,21 Rakennuspalo
2010,6673573,3385471,21 Rakennuspalo
2010,6681841,3383346,21 Rakennuspalo
2010,6676696,3384360,21 Rakennuspalo
2010,6682899,3382969,21 Rakennuspalo
2010,6689864,3394858,21 Rakennuspalo
2010,6684119,3389800,21 Rakennuspalo
2010,6682842,3382378,21 Rakennuspalo
2010,6680568,3392815,21 Rakennuspalo
2010,6691305,3394593,21 Rakennuspalo
2010,6679578,3396717,21 Rakennuspalo
2010,6677923,3396613,21 Rakennuspalo
2010,6676291,3386718,21 Rakennuspalo
2010,6692037,3392487,21 Rakennuspalo
2010,6676109,3386445,21 Rakennuspalo
2010,6673774,3375065,21 Rakennuspalo
2010,6679655,3372533,21 Rakennuspalo
2010,6682925,3393558,21 Rakennuspalo
2010,6676919,3391256,21 Rakennuspalo
2010,6688381,3396233,21 Rakennuspalo
2010,6681261,3380929,21 Rakennuspalo
2010,6678035,3384948,21 Rakennuspalo
2010,6674418,3385563,21 Rakennuspalo
2010,6676812,3386694,21 Rakennuspalo
2010,6677201,3379966,21 Rakennuspalo
2010,6679579,3370192,21 Rakennuspalo
2010,6686488,3395098,21 Rakennuspalo
2010,6677233,3377300,21 Rakennuspalo
2010,6688062,3396224,21 Rakennuspalo
2010,6687399,3396436,21 Rakennuspalo
2010,6674826,3385294,21 Rakennuspalo
2010,6673333,3386221,21 Rakennuspalo
2010,6685990,3395255,21 Rakennuspalo
2010,6694578,3393898,21 Rakennuspalo
2010,6676890,3386883,21 Rakennuspalo
2010,6674332,3367659,21 Rakennuspalo
2010,6673163,3382713,21 Rakennuspalo
2010,6688899,3381432,21 Rakennuspalo
2010,6679123,3393105,21 Rakennuspalo
2010,6675008,3384747,21 Rakennuspalo
2010,6678793,3396941,21 Rakennuspalo
2010,6691731,3389866,21 Rakennuspalo
2010,6680685,3382229,21 Rakennuspalo
2010,6678774,3387659,21 Rakennuspalo
2010,6680021,3375075,21 Rakennuspalo
2010,6676125,3378506,21 Rakennuspalo
2010,6683768,3386188,21 Rakennuspalo
2010,6675530,3386895,21 Rakennuspalo
2010,6680036,3378379,21 Rakennuspalo
2010,6682404,3382495,21 Rakennuspalo
2010,6674724,3374150,21 Rakennuspalo
2010,6676098,3376237,21 Rakennuspalo
2010,6680389,3379270,21 Rakennuspalo
2010,6680671,3395106,21 Rakennuspalo
2010,6684809,3392670,21 Rakennuspalo
2010,6677380,3386019,21 Rakennuspalo
2010,6681961,3383067,21 Rakennuspalo
2010,6679529,3382974,21 Rakennuspalo
2010,6682385,3395219,21 Rakennuspalo
2010,6673709,3382335,21 Rakennuspalo
2010,6678741,3392575,21 Rakennuspalo
2010,6673709,3382335,21 Rakennuspalo
2010,6684975,3390755,21 Rakennuspalo
2010,6673800,3384178,21 Rakennuspalo
2010,6681990,3382498,21 Rakennuspalo
2010,6682404,3382495,21 Rakennuspalo
2010,6673706,3374462,21 Rakennuspalo
2010,6673917,3384359,21 Rakennuspalo
2010,6679772,3387481,21 Rakennuspalo
2010,6675538,3379510,21 Rakennuspalo
2010,6687097,3381607,21 Rakennuspalo
2010,6673842,3373371,21 Rakennuspalo
2010,6686565,3389289,21 Rakennuspalo
2010,6682676,3393542,21 Rakennuspalo
2010,6678352,3396105,21 Rakennuspalo
2010,6681462,3390989,21 Rakennuspalo
2010,6677635,3390795,21 Rakennuspalo
2010,6675269,3371234,21 Rakennuspalo
2010,6687327,3392418,21 Rakennuspalo
2010,6672520,3371883,21 Rakennuspalo
2010,6676590,3384932,21 Rakennuspalo
2010,6680039,3369383,21 Rakennuspalo
2010,6684879,3392868,21 Rakennuspalo
2010,6682209,3393786,21 Rakennuspalo
2010,6682053,3393044,21 Rakennuspalo
2010,6682971,3395066,21 Rakennuspalo
2010,6676362,3386463,21 Rakennuspalo
2010,6686382,3387451,21 Rakennuspalo
2010,6674820,3386205,21 Rakennuspalo
2010,6675421,3385068,21 Rakennuspalo
2010,6681829,3375428,21 Rakennuspalo
2010,6673797,3386407,21 Rakennuspalo
2010,6682712,3381500,21 Rakennuspalo
2010,6685792,3391124,21 Rakennuspalo
2010,6677278,3387945,21 Rakennuspalo
2010,6673928,3382927,21 Rakennuspalo
2010,6679718,3397255,21 Rakennuspalo
2010,6678065,3387422,21 Rakennuspalo
2010,6677039,3384074,21 Rakennuspalo
2010,6674336,3385114,21 Rakennuspalo
2010,6686866,3395745,21 Rakennuspalo
2010,6692642,3393010,21 Rakennuspalo
2010,6687895,3375390,21 Rakennuspalo
2010,6683730,3381862,21 Rakennuspalo
2010,6673769,3385694,21 Rakennuspalo
2010,6677615,3392505,21 Rakennuspalo
2010,6682046,3395576,21 Rakennuspalo
2010,6674980,3384977,21 Rakennuspalo
2010,6676607,3384413,21 Rakennuspalo
2010,6686114,3389613,21 Rakennuspalo
2010,6675401,3391253,21 Rakennuspalo
2010,6674856,3386171,21 Rakennuspalo
2010,6675063,3367780,21 Rakennuspalo
2010,6688882,3375394,21 Rakennuspalo
2010,6674656,3387310,21 Rakennuspalo
2010,6683708,3381204,21 Rakennuspalo
2010,6683214,3383987,21 Rakennuspalo
2010,6680793,3373970,21 Rakennuspalo
2010,6679435,3386275,21 Rakennuspalo
2010,6684528,3391072,21 Rakennuspalo
2010,6678649,3387163,21 Rakennuspalo
2010,6679702,3394580,21 Rakennuspalo
2010,6673994,3377452,21 Rakennuspalo
2010,6679794,3387356,21 Rakennuspalo
2010,6679326,3392405,21 Rakennuspalo
2010,6679726,3377819,21 Rakennuspalo
2010,6684894,3392865,21 Rakennuspalo
2010,6681633,3388706,21 Rakennuspalo
2010,6689369,3392821,21 Rakennuspalo
2010,6678352,3396105,21 Rakennuspalo
2010,6694609,3394166,21 Rakennuspalo
2010,6679772,3387481,21 Rakennuspalo
2010,6678055,3396177,21 Rakennuspalo
2010,6676890,3386883,21 Rakennuspalo
2010,6680014,3396817,21 Rakennuspalo
2010,6676492,3384716,21 Rakennuspalo
2010,6689174,3391492,21 Rakennuspalo
2010,6679356,3376723,21 Rakennuspalo
2010,6675420,3390088,21 Rakennuspalo
2010,6675873,3392498,21 Rakennuspalo
2010,6677599,3390148,21 Rakennuspalo
2010,6674362,3386411,21 Rakennuspalo
2010,6677765,3383641,21 Rakennuspalo
2010,6673832,3385653,21 Rakennuspalo
2010,6679140,3397578,21 Rakennuspalo
2010,6673656,3385882,21 Rakennuspalo
2010,6667991,3375825,21 Rakennuspalo
2010,6678513,3383890,21 Rakennuspalo
2010,6680395,3393458,21 Rakennuspalo
2010,6677871,3390829,21 Rakennuspalo
2010,6675214,3386745,21 Rakennuspalo
2010,6674218,3383969,21 Rakennuspalo
2010,6684302,3386213,21 Rakennuspalo
2010,6675934,3386660,21 Rakennuspalo
2010,6683149,3383182,21 Rakennuspalo
2010,6682881,3387492,21 Rakennuspalo
2010,6675335,3384685,21 Rakennuspalo
2010,6689366,3386307,21 Rakennuspalo
2010,6690819,3391633,21 Rakennuspalo
2010,6687399,3396436,21 Rakennuspalo
2010,6680116,3378293,21 Rakennuspalo
2010,6691327,3390137,21 Rakennuspalo
2010,6692703,3392699,21 Rakennuspalo
2010,6673358,3369441,21 Rakennuspalo
2010,6674047,3385803,21 Rakennuspalo
2010,6678697,3378431,21 Rakennuspalo
2010,6674218,3368313,21 Rakennuspalo
2010,6678396,3392481,21 Rakennuspalo
2010,6677844,3387154,21 Rakennuspalo
2010,6680115,3378297,21 Rakennuspalo
2010,6674405,3393682,21 Rakennuspalo
2010,6678924,3387323,21 Rakennuspalo
2010,6680387,3387548,21 Rakennuspalo
2010,6683015,3395409,21 Rakennuspalo
2010,6678479,3395748,21 Rakennuspalo
2010,6687201,3390467,21 Rakennuspalo
2010,6686955,3395896,21 Rakennuspalo
2010,6681588,3390747,21 Rakennuspalo
2010,6680553,3392666,21 Rakennuspalo
2010,6675645,3384951,21 Rakennuspalo
2010,6679042,3394118,21 Rakennuspalo
2010,6679067,3397612,21 Rakennuspalo
2010,6678223,3391002,21 Rakennuspalo
2010,6672797,3373227,21 Rakennuspalo
2010,6683648,3389646,21 Rakennuspalo
2010,6678135,3398483,21 Rakennuspalo
2010,6680569,3378593,21 Rakennuspalo
2010,6674029,3375770,21 Rakennuspalo
2010,6678241,3382786,21 Rakennuspalo
2010,6677806,3387046,21 Rakennuspalo
2010,6677806,3387046,21 Rakennuspalo
2010,6686593,3390764,21 Rakennuspalo
2010,6694522,3382957,21 Rakennuspalo
2010,6677039,3384074,21 Rakennuspalo
2010,6678467,3394213,21 Rakennuspalo
2010,6679953,3387467,21 Rakennuspalo
2010,6686972,3381638,21 Rakennuspalo
2010,6679594,3391505,21 Rakennuspalo
2010,6682375,3392951,21 Rakennuspalo
2010,6689980,3387763,21 Rakennuspalo
2010,6682144,3390456,21 Rakennuspalo
2010,6683534,3382056,21 Rakennuspalo
2010,6676940,3384536,21 Rakennuspalo
2010,6675217,3386850,21 Rakennuspalo
2010,6675140,3386086,21 Rakennuspalo
2010,6683245,3383867,21 Rakennuspalo
2010,6675271,3385267,21 Rakennuspalo
2010,6679893,3386531,21 Rakennuspalo
2010,6679874,3396939,21 Rakennuspalo
2010,6680560,3387280,21 Rakennuspalo
2010,6684057,3388356,21 Rakennuspalo
2010,6678113,3387334,21 Rakennuspalo
2010,6673795,3386260,21 Rakennuspalo
2010,6671655,3370460,21 Rakennuspalo
2010,6678273,3397037,21 Rakennuspalo
2010,6677878,3385300,21 Rakennuspalo
2010,6678048,3386160,21 Rakennuspalo
2010,6684504,3393932,21 Rakennuspalo
2010,6679118,3393275,21 Rakennuspalo
2010,6690038,3376457,21 Rakennuspalo
2010,6678091,3395826,21 Rakennuspalo
2010,6676042,3386452,21 Rakennuspalo
2010,6678273,3397037,21 Rakennuspalo
2010,6689092,3392908,21 Rakennuspalo
2010,6683136,3388738,21 Rakennuspalo
2010,6679452,3396642,21 Rakennuspalo
2010,6676087,3389836,21 Rakennuspalo
2010,6680134,3386363,21 Rakennuspalo
2010,6684757,3378310,21 Rakennuspalo
2010,6679074,3378380,21 Rakennuspalo
2010,6674336,3385114,21 Rakennuspalo
2010,6674669,3386183,21 Rakennuspalo
2010,6683978,3365986,21 Rakennuspalo
2010,6679668,3394594,21 Rakennuspalo
2010,6686351,3379638,21 Rakennuspalo
2010,6675359,3385034,21 Rakennuspalo
2010,6673601,3392922,21 Rakennuspalo
2010,6674736,3385048,21 Rakennuspalo
2010,6672657,3369965,21 Rakennuspalo
2010,6685149,3381615,21 Rakennuspalo
2010,6679937,3376643,21 Rakennuspalo
2010,6672321,3370022,21 Rakennuspalo
2010,6673069,3369932,21 Rakennuspalo
2010,6678701,3385383,21 Rakennuspalo
2010,6675553,3378272,21 Rakennuspalo
2010,6678828,3371010,21 Rakennuspalo
2010,6677047,3386995,21 Rakennuspalo
2010,6691726,3373915,21 Rakennuspalo
2010,6677844,3387154,21 Rakennuspalo
2010,6677973,3385720,21 Rakennuspalo
2010,6679207,3391351,21 Rakennuspalo
2010,6686008,3391120,21 Rakennuspalo
2010,6689526,3388713,21 Rakennuspalo
2010,6675156,3384947,21 Rakennuspalo
2010,6679519,3386726,21 Rakennuspalo
2010,6681242,3387034,21 Rakennuspalo
2010,6677835,3386564,21 Rakennuspalo
2010,6682923,3385308,21 Rakennuspalo
2010,6687872,3384946,21 Rakennuspalo
2010,6676478,3386832,21 Rakennuspalo
2010,6677515,3391735,21 Rakennuspalo
2010,6687265,3392083,21 Rakennuspalo
2009,6682665,3393852,21 Rakennuspalo
2009,6678580,3397348,21 Rakennuspalo
2009,6682697,3393545,21 Rakennuspalo
2009,6681134,3373048,21 Rakennuspalo
2009,6680020,3396771,21 Rakennuspalo
2009,6686809,3380536,21 Rakennuspalo
2009,6682381,3382932,21 Rakennuspalo
2009,6688018,3395935,21 Rakennuspalo
2009,6695061,3392820,21 Rakennuspalo
2009,6685557,3392618,21 Rakennuspalo
2009,6681687,3383739,21 Rakennuspalo
2009,6678805,3387129,21 Rakennuspalo
2009,6693790,3395104,21 Rakennuspalo
2009,6682526,3394468,21 Rakennuspalo
2009,6693899,3395092,21 Rakennuspalo
2009,6675233,3370473,21 Rakennuspalo
2009,6681285,3392467,21 Rakennuspalo
2009,6672911,3371200,21 Rakennuspalo
2009,6685211,3381217,21 Rakennuspalo
2009,6676775,3384424,21 Rakennuspalo
2009,6677567,3391565,21 Rakennuspalo
2009,6681657,3392728,21 Rakennuspalo
2009,6676599,3387028,21 Rakennuspalo
2009,6681371,3381970,21 Rakennuspalo
2009,6672774,3382606,21 Rakennuspalo
2009,6682658,3389561,21 Rakennuspalo
2009,6675131,3384781,21 Rakennuspalo
2009,6682827,3372858,21 Rakennuspalo
2009,6690320,3376442,21 Rakennuspalo
2009,6679548,3391523,21 Rakennuspalo
2009,6677629,3385945,21 Rakennuspalo
2009,6674866,3386009,21 Rakennuspalo
2009,6688890,3382080,21 Rakennuspalo
2009,6685280,3390987,21 Rakennuspalo
2009,6684957,3380899,21 Rakennuspalo
2009,6676181,3376543,21 Rakennuspalo
2009,6683089,3382580,21 Rakennuspalo
2009,6681902,3382865,21 Rakennuspalo
2009,6676162,3386636,21 Rakennuspalo
2009,6678781,3370277,21 Rakennuspalo
2009,6677960,3387503,21 Rakennuspalo
2009,6680325,3397514,21 Rakennuspalo
2009,6675196,3386118,21 Rakennuspalo
2009,6676454,3386422,21 Rakennuspalo
2009,6673809,3382714,21 Rakennuspalo
2009,6676788,3391338,21 Rakennuspalo
2009,6674878,3384865,21 Rakennuspalo
2009,6677523,3395461,21 Rakennuspalo
2009,6683742,3390602,21 Rakennuspalo
2009,6674877,3384868,21 Rakennuspalo
2009,6682427,3379049,21 Rakennuspalo
2009,6672410,3370103,21 Rakennuspalo
2009,6693777,3395168,21 Rakennuspalo
2009,6681371,3381970,21 Rakennuspalo
2009,6687570,3385226,21 Rakennuspalo
2009,6678705,3396012,21 Rakennuspalo
2009,6676812,3386694,21 Rakennuspalo
2009,6682925,3393558,21 Rakennuspalo
2009,6676219,3386719,21 Rakennuspalo
2009,6683048,3380900,21 Rakennuspalo
2009,6679104,3397585,21 Rakennuspalo
2009,6675721,3369884,21 Rakennuspalo
2009,6676836,3386611,21 Rakennuspalo
2009,6687392,3382013,21 Rakennuspalo
2009,6674403,3393642,21 Rakennuspalo
2009,6676075,3389984,21 Rakennuspalo
2009,6682676,3393542,21 Rakennuspalo
2009,6683048,3380900,21 Rakennuspalo
2009,6673779,3386155,21 Rakennuspalo
2009,6684154,3393620,21 Rakennuspalo
2009,6678300,3382618,21 Rakennuspalo
2009,6679471,3383153,21 Rakennuspalo
2009,6682910,3395045,21 Rakennuspalo
2009,6674405,3393682,21 Rakennuspalo
2009,6675181,3371239,21 Rakennuspalo
2009,6679457,3383000,21 Rakennuspalo
2009,6681733,3379676,21 Rakennuspalo
2009,6685914,3393336,21 Rakennuspalo
2009,6682054,3393340,21 Rakennuspalo
2009,6687938,3388149,21 Rakennuspalo
2009,6679635,3388154,21 Rakennuspalo
2009,6683081,3395361,21 Rakennuspalo
2009,6674408,3391713,21 Rakennuspalo
2009,6678228,3382826,21 Rakennuspalo
2009,6684985,3390880,21 Rakennuspalo
2009,6679207,3391351,21 Rakennuspalo
2009,6691007,3387609,21 Rakennuspalo
2009,6681589,3376919,21 Rakennuspalo
2009,6673953,3368288,21 Rakennuspalo
2009,6682347,3394278,21 Rakennuspalo
2009,6687210,3381899,21 Rakennuspalo
2009,6684493,3389190,21 Rakennuspalo
2009,6678170,3396782,21 Rakennuspalo
2009,6690558,3387433,21 Rakennuspalo
2009,6691705,3393911,21 Rakennuspalo
2009,6676665,3386805,21 Rakennuspalo
2009,6686733,3384961,21 Rakennuspalo
2009,6673944,3368282,21 Rakennuspalo
2009,6679780,3379401,21 Rakennuspalo
2009,6676822,3387283,21 Rakennuspalo
2009,6682170,3395916,21 Rakennuspalo
2009,6681357,3379389,21 Rakennuspalo
2009,6687625,3380762,21 Rakennuspalo
2009,6681581,3387585,21 Rakennuspalo
2009,6676945,3386835,21 Rakennuspalo
2009,6675967,3392153,21 Rakennuspalo
2009,6679069,3372358,21 Rakennuspalo
2009,6683010,3395631,21 Rakennuspalo
2009,6672632,3372305,21 Rakennuspalo
2009,6678343,3396349,21 Rakennuspalo
2009,6672909,3389835,21 Rakennuspalo
2009,6682054,3393340,21 Rakennuspalo
2009,6683838,3395470,21 Rakennuspalo
2009,6678695,3376567,21 Rakennuspalo
2009,6676362,3385977,21 Rakennuspalo
2009,6682994,3380538,21 Rakennuspalo
2009,6688168,3391039,21 Rakennuspalo
2009,6686881,3372608,21 Rakennuspalo
2009,6678472,3382778,21 Rakennuspalo
2009,6678059,3385811,21 Rakennuspalo
2009,6687818,3375995,21 Rakennuspalo
2009,6691808,3383071,21 Rakennuspalo
2009,6680199,3379222,21 Rakennuspalo
2009,6691929,3392560,21 Rakennuspalo
2009,6688132,3386886,21 Rakennuspalo
2009,6683130,3381484,21 Rakennuspalo
2009,6680805,3373981,21 Rakennuspalo
2009,6676941,3387152,21 Rakennuspalo
2009,6677192,3366001,21 Rakennuspalo
2009,6676907,3367118,21 Rakennuspalo
2009,6677960,3387503,21 Rakennuspalo
2009,6674695,3386411,21 Rakennuspalo
2009,6681988,3393341,21 Rakennuspalo
2009,6683881,3386971,21 Rakennuspalo
2009,6676530,3386021,21 Rakennuspalo
2009,6675605,3374613,21 Rakennuspalo
2009,6691269,3394935,21 Rakennuspalo
2009,6675914,3386995,21 Rakennuspalo
2009,6680207,3379211,21 Rakennuspalo
2009,6673122,3373671,21 Rakennuspalo
2009,6673126,3373676,21 Rakennuspalo
2009,6685288,3388251,21 Rakennuspalo
2009,6677356,3377532,21 Rakennuspalo
2009,6681725,3394548,21 Rakennuspalo
2009,6679001,3397330,21 Rakennuspalo
2009,6681017,3398648,21 Rakennuspalo
2009,6673694,3385563,21 Rakennuspalo
2009,6676812,3386694,21 Rakennuspalo
2009,6674993,3385743,21 Rakennuspalo
2009,6682368,3394784,21 Rakennuspalo
2009,6675542,3385232,21 Rakennuspalo
2009,6688078,3387403,21 Rakennuspalo
2009,6679206,3396207,21 Rakennuspalo
2009,6687541,3391700,21 Rakennuspalo
2009,6686296,3378320,21 Rakennuspalo
2009,6682910,3395045,21 Rakennuspalo
2009,6676492,3384716,21 Rakennuspalo
2009,6681969,3391631,21 Rakennuspalo
2009,6686053,3381105,21 Rakennuspalo
2009,6687589,3393958,21 Rakennuspalo
2009,6676213,3376652,21 Rakennuspalo
2009,6673847,3368773,21 Rakennuspalo
2009,6673615,3386200,21 Rakennuspalo
2009,6674727,3381255,21 Rakennuspalo
2009,6691422,3387816,21 Rakennuspalo
2009,6674033,3392114,21 Rakennuspalo
2009,6680543,3393400,21 Rakennuspalo
2009,6681287,3389384,21 Rakennuspalo
2009,6679352,3373034,21 Rakennuspalo
2009,6684556,3386012,21 Rakennuspalo
2009,6685254,3373922,21 Rakennuspalo
2009,6678350,3381726,21 Rakennuspalo
2009,6674044,3392154,21 Rakennuspalo
2009,6682382,3393415,21 Rakennuspalo
2009,6674948,3384950,21 Rakennuspalo
2009,6678819,3396795,21 Rakennuspalo
2009,6685683,3389570,21 Rakennuspalo
2009,6679457,3396668,21 Rakennuspalo
2009,6674498,3375898,21 Rakennuspalo
2009,6676249,3386764,21 Rakennuspalo
2009,6680064,3382545,21 Rakennuspalo
2009,6692692,3392811,21 Rakennuspalo
2009,6678884,3382464,21 Rakennuspalo
2009,6686737,3384948,21 Rakennuspalo
2009,6678118,3386030,21 Rakennuspalo
2009,6673812,3382983,21 Rakennuspalo
2009,6673980,3382683,21 Rakennuspalo
2009,6681417,3390298,21 Rakennuspalo
2009,6688593,3371870,21 Rakennuspalo
2009,6675142,3389885,21 Rakennuspalo
2009,6685833,3390823,21 Rakennuspalo
2009,6690907,3395271,21 Rakennuspalo
2009,6675068,3368882,21 Rakennuspalo
2009,6687661,3384487,21 Rakennuspalo
2009,6693760,3395253,21 Rakennuspalo
2009,6681551,3387419,21 Rakennuspalo
2009,6676913,3386778,21 Rakennuspalo
2009,6685340,3392259,21 Rakennuspalo
2009,6682026,3388249,21 Rakennuspalo
2009,6676447,3386040,21 Rakennuspalo
2009,6681921,3385321,21 Rakennuspalo
2009,6688512,3386401,21 Rakennuspalo
2009,6691088,3391065,21 Rakennuspalo
2009,6677977,3385812,21 Rakennuspalo
2009,6693194,3395003,21 Rakennuspalo
2009,6693360,3397599,21 Rakennuspalo
2009,6687934,3384710,21 Rakennuspalo
2009,6681685,3385078,21 Rakennuspalo
2009,6674381,3383957,21 Rakennuspalo
2009,6677568,3386897,21 Rakennuspalo
2009,6682682,3379415,21 Rakennuspalo
2009,6678678,3384117,21 Rakennuspalo
2009,6674485,3385016,21 Rakennuspalo
2009,6676914,3384719,21 Rakennuspalo
2009,6677214,3387247,21 Rakennuspalo
2009,6676849,3387320,21 Rakennuspalo
2009,6673779,3386155,21 Rakennuspalo
2009,6678007,3366904,21 Rakennuspalo
2009,6677384,3387266,21 Rakennuspalo
2009,6674189,3371054,21 Rakennuspalo
2009,6683226,3377060,21 Rakennuspalo
2009,6673779,3386155,21 Rakennuspalo
2009,6678892,3378469,21 Rakennuspalo
2009,6684606,3388331,21 Rakennuspalo
2009,6672402,3382624,21 Rakennuspalo
2009,6681741,3383482,21 Rakennuspalo
2009,6676940,3384017,21 Rakennuspalo
2009,6677882,3385222,21 Rakennuspalo
2009,6684889,3386949,21 Rakennuspalo
2009,6674249,3385260,21 Rakennuspalo
2009,6693329,3395536,21 Rakennuspalo
2009,6689902,3392574,21 Rakennuspalo
2009,6688394,3388695,21 Rakennuspalo
2009,6676756,3384977,21 Rakennuspalo
2009,6691929,3393339,21 Rakennuspalo
2009,6688897,3382078,21 Rakennuspalo
2009,6687825,3375790,21 Rakennuspalo
2009,6686572,3395087,21 Rakennuspalo
2009,6673113,3369966,21 Rakennuspalo
2009,6673983,3391696,21 Rakennuspalo
2009,6674359,3385283,21 Rakennuspalo
2009,6676055,3386429,21 Rakennuspalo
2009,6682971,3380400,21 Rakennuspalo
2009,6683000,3393482,21 Rakennuspalo
2009,6674774,3385916,21 Rakennuspalo
2009,6682445,3382392,21 Rakennuspalo
2009,6680388,3382187,21 Rakennuspalo
2009,6691542,3393272,21 Rakennuspalo
2009,6691154,3388079,21 Rakennuspalo
2009,6682071,3387527,21 Rakennuspalo
2009,6692773,3389886,21 Rakennuspalo
2009,6685233,3388686,21 Rakennuspalo
2009,6681648,3385307,21 Rakennuspalo
2009,6680955,3377348,21 Rakennuspalo
2009,6677182,3380275,21 Rakennuspalo
2009,6677844,3387154,21 Rakennuspalo
2009,6682874,3384885,21 Rakennuspalo
2009,6677176,3386338,21 Rakennuspalo
2009,6686206,3395341,21 Rakennuspalo
2009,6682767,3366984,21 Rakennuspalo
2009,6681337,3380644,21 Rakennuspalo
2009,6679869,3394934,21 Rakennuspalo
2009,6679929,3372722,21 Rakennuspalo
2009,6686323,3391166,21 Rakennuspalo
2009,6683509,3392425,21 Rakennuspalo
2009,6687191,3381841,21 Rakennuspalo
2009,6676796,3386567,21 Rakennuspalo
2009,6677861,3383325,21 Rakennuspalo
2009,6683483,3387517,21 Rakennuspalo
2009,6678876,3391584,21 Rakennuspalo
2009,6681371,3381970,21 Rakennuspalo
2009,6678822,3393665,21 Rakennuspalo
2009,6683907,3388546,21 Rakennuspalo
2009,6674147,3385927,21 Rakennuspalo
2009,6681678,3389455,21 Rakennuspalo
2009,6673424,3368824,21 Rakennuspalo
2009,6679112,3387366,21 Rakennuspalo
2009,6678525,3397640,21 Rakennuspalo
2009,6678080,3370070,21 Rakennuspalo
2009,6684154,3393620,21 Rakennuspalo
2009,6691688,3393957,21 Rakennuspalo
2009,6675170,3386213,21 Rakennuspalo
2009,6675362,3369774,21 Rakennuspalo
2009,6680533,3369163,21 Rakennuspalo
2009,6675497,3386673,21 Rakennuspalo
2009,6679378,3396211,21 Rakennuspalo
2009,6673052,3373570,21 Rakennuspalo
2009,6687368,3396346,21 Rakennuspalo
2009,6691210,3390097,21 Rakennuspalo
2009,6692377,3394055,21 Rakennuspalo
2009,6693039,3396680,21 Rakennuspalo
2009,6681178,3396578,21 Rakennuspalo
2009,6677207,3388210,21 Rakennuspalo
2009,6680685,3382229,21 Rakennuspalo
2009,6679794,3374264,21 Rakennuspalo
2009,6695824,3371606,21 Rakennuspalo
2009,6679776,3372677,21 Rakennuspalo
2009,6675005,3386803,21 Rakennuspalo
2008,6684730,3389130,21 Rakennuspalo
2008,6681690,3381900,21 Rakennuspalo
2008,6680770,3381100,21 Rakennuspalo
2008,6677530,3385240,21 Rakennuspalo
2008,6674305,3376337,21 Rakennuspalo
2008,6683155,3373651,21 Rakennuspalo
2008,6680950,3393350,21 Rakennuspalo
2008,6679400,3382790,21 Rakennuspalo
2008,6679472,3370770,21 Rakennuspalo
2008,6687188,3379606,21 Rakennuspalo
2008,6676580,3391120,21 Rakennuspalo
2008,6677030,3387640,21 Rakennuspalo
2008,6682568,3395825,21 Rakennuspalo
2008,6677710,3392290,21 Rakennuspalo
2008,6683620,3381430,21 Rakennuspalo
2008,6691493,3393833,21 Rakennuspalo
2008,6682960,3388980,21 Rakennuspalo
2008,6685270,3388340,21 Rakennuspalo
2008,6677830,3383460,21 Rakennuspalo
2008,6678190,3391080,21 Rakennuspalo
2008,6672202,3370582,21 Rakennuspalo
2008,6695357,3394550,21 Rakennuspalo
2008,6678440,3396140,21 Rakennuspalo
2008,6692194,3393515,21 Rakennuspalo
2008,6688487,3388368,21 Rakennuspalo
2008,6677510,3387170,21 Rakennuspalo
2008,6674400,3385290,21 Rakennuspalo
2008,6678980,3396320,21 Rakennuspalo
2008,6673940,3384920,21 Rakennuspalo
2008,6684870,3392540,21 Rakennuspalo
2008,6687756,3384977,21 Rakennuspalo
2008,6687674,3384568,21 Rakennuspalo
2008,6676820,3391340,21 Rakennuspalo
2008,6678560,3397660,21 Rakennuspalo
2008,6676150,3385170,21 Rakennuspalo
2008,6681200,3383370,21 Rakennuspalo
2008,6680176,3393403,21 Rakennuspalo
2008,6674197,3375162,21 Rakennuspalo
2008,6675924,3377830,21 Rakennuspalo
2008,6684490,3389685,21 Rakennuspalo
2008,6687056,3395972,21 Rakennuspalo
2008,6677348,3380271,21 Rakennuspalo
2008,6678170,3395810,21 Rakennuspalo
2008,6677020,3386720,21 Rakennuspalo
2008,6677780,3391820,21 Rakennuspalo
2008,6678818,3371952,21 Rakennuspalo
2008,6679730,3395050,21 Rakennuspalo
2008,6686183,3378331,21 Rakennuspalo
2008,6677640,3390880,21 Rakennuspalo
2008,6678760,3382820,21 Rakennuspalo
2008,6679860,3386700,21 Rakennuspalo
2008,6694679,3394153,21 Rakennuspalo
2008,6673148,3369155,21 Rakennuspalo
2008,6673249,3369088,21 Rakennuspalo
2008,6675370,3385070,21 Rakennuspalo
2008,6677050,3386540,21 Rakennuspalo
2008,6681030,3383230,21 Rakennuspalo
2008,6689040,3392902,21 Rakennuspalo
2008,6678820,3386490,21 Rakennuspalo
2008,6673631,3368805,21 Rakennuspalo
2008,6687142,3377202,21 Rakennuspalo
2008,6688570,3391597,21 Rakennuspalo
2008,6694550,3394184,21 Rakennuspalo
2008,6680370,3385720,21 Rakennuspalo
2008,6682460,3381620,21 Rakennuspalo
2008,6682340,3378915,21 Rakennuspalo
2008,6688152,3386434,21 Rakennuspalo
2008,6688882,3392079,21 Rakennuspalo
2008,6682340,3378915,21 Rakennuspalo
2008,6673480,3386240,21 Rakennuspalo
2008,6680190,3382600,21 Rakennuspalo
2008,6675137,3374514,21 Rakennuspalo
2008,6678350,3387530,21 Rakennuspalo
2008,6685340,3394150,21 Rakennuspalo
2008,6674180,3384140,21 Rakennuspalo
2008,6683386,3375067,21 Rakennuspalo
2008,6677830,3387200,21 Rakennuspalo
2008,6678690,3392090,21 Rakennuspalo
2008,6687152,3396213,21 Rakennuspalo
2008,6688226,3381297,21 Rakennuspalo
2008,6686610,3379217,21 Rakennuspalo
2008,6682420,3382410,21 Rakennuspalo
2008,6678700,3383510,21 Rakennuspalo
2008,6694487,3382952,21 Rakennuspalo
2008,6673750,3385990,21 Rakennuspalo
2008,6678870,3382010,21 Rakennuspalo
2008,6690215,3389529,21 Rakennuspalo
2008,6677212,3379799,21 Rakennuspalo
2008,6681746,3379928,21 Rakennuspalo
2008,6678680,3397210,21 Rakennuspalo
2008,6680215,3379485,21 Rakennuspalo
2008,6679760,3391930,21 Rakennuspalo
2008,6677850,3387100,21 Rakennuspalo
2008,6681470,3379116,21 Rakennuspalo
2008,6678040,3397260,21 Rakennuspalo
2008,6676980,3386880,21 Rakennuspalo
2008,6677410,3384010,21 Rakennuspalo
2008,6679950,3383640,21 Rakennuspalo
2008,6694420,3382956,21 Rakennuspalo
2008,6679180,3399110,21 Rakennuspalo
2008,6692405,3383577,21 Rakennuspalo
2008,6677500,3385810,21 Rakennuspalo
2008,6676450,3386900,21 Rakennuspalo
2008,6682290,3393070,21 Rakennuspalo
2008,6681680,3393380,21 Rakennuspalo
2008,6679840,3393880,21 Rakennuspalo
2008,6670655,3372486,21 Rakennuspalo
2008,6677850,3387100,21 Rakennuspalo
2008,6681710,3389430,21 Rakennuspalo
2008,6675940,3385010,21 Rakennuspalo
2008,6676890,3384470,21 Rakennuspalo
2008,6680260,3381850,21 Rakennuspalo
2008,6691695,3394026,21 Rakennuspalo
2008,6676590,3385850,21 Rakennuspalo
2008,6674402,3381742,21 Rakennuspalo
2008,6679434,3375895,21 Rakennuspalo
2008,6675400,3384930,21 Rakennuspalo
2008,6675010,3391320,21 Rakennuspalo
2008,6687745,3387349,21 Rakennuspalo
2008,6675803,3373782,21 Rakennuspalo
2008,6686998,3379563,21 Rakennuspalo
2008,6673690,3386040,21 Rakennuspalo
2008,6674990,3392160,21 Rakennuspalo
2008,6673663,3368967,21 Rakennuspalo
2008,6674770,3385340,21 Rakennuspalo
2008,6673671,3375123,21 Rakennuspalo
2008,6679563,3369413,21 Rakennuspalo
2008,6674000,3385660,21 Rakennuspalo
2008,6674080,3380990,21 Rakennuspalo
2008,6676700,3386730,21 Rakennuspalo
2008,6673679,3369289,21 Rakennuspalo
2008,6676700,3378246,21 Rakennuspalo
2008,6680370,3382530,21 Rakennuspalo
2008,6683010,3382860,21 Rakennuspalo
2008,6673730,3368719,21 Rakennuspalo
2008,6678518,3370655,21 Rakennuspalo
2008,6679390,3397270,21 Rakennuspalo
2008,6678898,3370605,21 Rakennuspalo
2008,6686390,3391140,21 Rakennuspalo
2008,6676360,3386830,21 Rakennuspalo
2008,6685712,3378626,21 Rakennuspalo
2008,6682930,3382650,21 Rakennuspalo
2008,6676580,3391120,21 Rakennuspalo
2008,6680280,3382740,21 Rakennuspalo
2008,6674970,3385150,21 Rakennuspalo
2008,6686282,3394906,21 Rakennuspalo
2008,6678760,3398010,21 Rakennuspalo
2008,6678030,3386940,21 Rakennuspalo
2008,6679670,3391190,21 Rakennuspalo
2008,6683240,3382780,21 Rakennuspalo
2008,6677570,3384020,21 Rakennuspalo
2008,6676640,3386420,21 Rakennuspalo
2008,6676970,3386850,21 Rakennuspalo
2008,6678670,3382890,21 Rakennuspalo
2008,6681960,3390100,21 Rakennuspalo
2008,6683406,3375155,21 Rakennuspalo
2008,6679510,3382590,21 Rakennuspalo
2008,6681840,3383320,21 Rakennuspalo
2008,6681970,3395780,21 Rakennuspalo
2008,6678090,3396110,21 Rakennuspalo
2008,6678100,3386050,21 Rakennuspalo
2008,6674390,3368824,21 Rakennuspalo
2008,6679840,3393880,21 Rakennuspalo
2008,6681661,3376164,21 Rakennuspalo
2008,6676860,3386750,21 Rakennuspalo
2008,6676630,3386190,21 Rakennuspalo
2008,6691794,3393275,21 Rakennuspalo
2008,6696752,3394035,21 Rakennuspalo
2008,6676714,3371705,21 Rakennuspalo
2008,6677275,3380273,21 Rakennuspalo
2008,6686183,3378282,21 Rakennuspalo
2008,6678060,3385020,21 Rakennuspalo
2008,6676030,3387060,21 Rakennuspalo
2008,6682410,3381190,21 Rakennuspalo
2008,6676360,3386250,21 Rakennuspalo
2008,6692857,3385517,21 Rakennuspalo
2008,6689528,3389199,21 Rakennuspalo
2008,6678255,3394113,21 Rakennuspalo
2008,6680620,3381090,21 Rakennuspalo
2008,6674580,3385030,21 Rakennuspalo
2008,6678870,3382010,21 Rakennuspalo
2008,6678474,3376306,21 Rakennuspalo
2008,6675573,3373915,21 Rakennuspalo
2008,6689043,3386937,21 Rakennuspalo
2008,6680520,3386010,21 Rakennuspalo
2008,6680520,3386010,21 Rakennuspalo
2008,6677886,3386312,21 Rakennuspalo
2008,6687095,3395399,21 Rakennuspalo
2008,6679995,3388350,21 Rakennuspalo
2008,6679995,3388350,21 Rakennuspalo
2008,6679810,3388190,21 Rakennuspalo
2008,6688326,3387129,21 Rakennuspalo
2008,6679995,3388350,21 Rakennuspalo
2008,6684078,3380448,21 Rakennuspalo
2008,6693738,3395158,21 Rakennuspalo
2008,6676510,3386950,21 Rakennuspalo
2008,6683270,3385790,21 Rakennuspalo
2008,6681697,3390140,21 Rakennuspalo
2008,6674050,3385387,21 Rakennuspalo
2008,6680324,3383388,21 Rakennuspalo
2008,6689447,3388144,21 Rakennuspalo
2008,6680542,3393400,21 Rakennuspalo
2008,6679040,3397205,21 Rakennuspalo
2008,6686186,3375540,21 Rakennuspalo
2008,6680224,3379516,21 Rakennuspalo
2008,6687076,3379485,21 Rakennuspalo
2008,6675770,3378303,21 Rakennuspalo
2008,6679155,3397582,21 Rakennuspalo
2008,6685052,3380929,21 Rakennuspalo
2008,6674515,3397171,21 Rakennuspalo
2008,6674650,3385116,21 Rakennuspalo
2008,6676577,3385894,21 Rakennuspalo
2008,6680257,3387255,21 Rakennuspalo
2008,6681584,3377459,21 Rakennuspalo
2008,6682661,3394964,21 Rakennuspalo
2008,6674667,3385671,21 Rakennuspalo
2008,6688871,3390837,21 Rakennuspalo
2008,6678525,3397640,21 Rakennuspalo
2008,6675510,3385053,21 Rakennuspalo
2008,6679277,3385137,21 Rakennuspalo
2008,6683339,3385248,21 Rakennuspalo
2008,6679228,3392078,21 Rakennuspalo
2008,6674774,3385916,21 Rakennuspalo
2008,6687507,3394085,21 Rakennuspalo
2008,6687126,3391616,21 Rakennuspalo
2008,6677813,3387039,21 Rakennuspalo
2008,6675953,3385026,21 Rakennuspalo
2008,6684768,3393235,21 Rakennuspalo
2008,6696306,3371744,21 Rakennuspalo
2008,6676601,3385933,21 Rakennuspalo
2008,6677626,3387081,21 Rakennuspalo
2008,6674044,3385487,21 Rakennuspalo
2008,6672363,3370532,21 Rakennuspalo
2008,6674638,3387758,21 Rakennuspalo
2008,6676249,3386600,21 Rakennuspalo
2008,6676576,3391481,21 Rakennuspalo
2008,6676602,3387019,21 Rakennuspalo
2008,6684326,3388940,21 Rakennuspalo
2008,6677835,3386564,21 Rakennuspalo
2008,6675505,3386081,21 Rakennuspalo
2008,6676942,3387337,21 Rakennuspalo
2008,6677240,3378252,21 Rakennuspalo
2008,6676572,3386144,21 Rakennuspalo
2008,6684152,3393620,21 Rakennuspalo
2008,6681573,3394478,21 Rakennuspalo
2008,6674559,3387751,21 Rakennuspalo
2008,6674516,3387662,21 Rakennuspalo
2008,6679391,3371063,21 Rakennuspalo
2008,6677206,3386477,21 Rakennuspalo
2008,6680495,3396937,21 Rakennuspalo
2008,6674834,3384891,21 Rakennuspalo
2008,6685142,3390955,21 Rakennuspalo
2008,6689429,3391906,21 Rakennuspalo
2008,6676855,3387045,21 Rakennuspalo
2008,6677835,3386564,21 Rakennuspalo
2008,6680554,3398400,21 Rakennuspalo
2008,6684102,3390565,21 Rakennuspalo
2008,6677946,3385209,21 Rakennuspalo
2008,6676542,3386953,21 Rakennuspalo
2008,6683934,3396601,21 Rakennuspalo
2008,6675984,3374461,21 Rakennuspalo
2008,6687657,3396502,21 Rakennuspalo
2008,6674713,3386724,21 Rakennuspalo
2008,6682972,3382237,21 Rakennuspalo
2008,6688657,3392461,21 Rakennuspalo
2008,6674770,3386747,21 Rakennuspalo
2008,6691718,3393899,21 Rakennuspalo
2008,6674368,3368849,21 Rakennuspalo
2008,6680795,3392754,21 Rakennuspalo
2008,6677039,3384074,21 Rakennuspalo
2008,6677835,3386564,21 Rakennuspalo
2008,6677770,3383207,21 Rakennuspalo
2008,6682836,3367495,21 Rakennuspalo
2008,6677922,3367046,21 Rakennuspalo
2008,6677710,3371582,21 Rakennuspalo
2008,6695921,3370811,21 Rakennuspalo
2008,6679039,3370700,21 Rakennuspalo
2008,6678074,3371758,21 Rakennuspalo
2008,6681772,3375077,21 Rakennuspalo
2008,6679347,3394434,21 Rakennuspalo
2008,6688683,3390100,21 Rakennuspalo
2008,6674742,3368722,21 Rakennuspalo
2008,6678814,3391358,21 Rakennuspalo
2008,6677286,3378691,21 Rakennuspalo
2008,6673975,3385646,21 Rakennuspalo
2008,6677592,3387380,21 Rakennuspalo
2008,6683444,3394299,21 Rakennuspalo
2008,6675478,3390363,21 Rakennuspalo
2008,6684723,3390160,21 Rakennuspalo
2008,6681542,3392945,21 Rakennuspalo
2008,6686721,3391359,21 Rakennuspalo
2008,6680381,3385817,21 Rakennuspalo
2008,6678041,3386574,21 Rakennuspalo
2008,6676609,3386307,21 Rakennuspalo
2008,6676234,3386293,21 Rakennuspalo
2008,6679494,3393536,21 Rakennuspalo
2008,6686999,3381917,21 Rakennuspalo
2008,6677875,3383721,21 Rakennuspalo
2008,6688330,3388913,21 Rakennuspalo
2008,6675871,3373862,21 Rakennuspalo
2008,6677768,3389752,21 Rakennuspalo
2008,6679310,3382986,21 Rakennuspalo
2008,6677512,3385975,21 Rakennuspalo
2008,6677835,3386564,21 Rakennuspalo
2008,6688879,3390439,21 Rakennuspalo
2008,6676513,3387036,21 Rakennuspalo
2008,6682669,3380857,21 Rakennuspalo
2008,6674809,3386797,21 Rakennuspalo
2008,6692447,3380584,21 Rakennuspalo
2008,6675600,3376746,21 Rakennuspalo
2008,6682383,3393727,21 Rakennuspalo
2008,6679390,3371132,21 Rakennuspalo
2008,6682554,3387369,21 Rakennuspalo
2008,6681105,3385441,21 Rakennuspalo
2008,6676700,3381410,21 Rakennuspalo
2008,6688539,3393664,21 Rakennuspalo
2008,6682129,3393999,21 Rakennuspalo
2008,6673968,3384704,21 Rakennuspalo
2008,6679622,3394326,21 Rakennuspalo
2008,6677066,3386763,21 Rakennuspalo
2008,6677847,3387079,21 Rakennuspalo
2008,6677075,3384250,21 Rakennuspalo
2008,6674757,3376391,21 Rakennuspalo
2008,6676940,3384536,21 Rakennuspalo
2008,6675031,3385343,21 Rakennuspalo
2008,6677629,3385945,21 Rakennuspalo
2008,6673208,3382239,21 Rakennuspalo
2008,6686317,3391202,21 Rakennuspalo
2008,6674727,3381255,21 Rakennuspalo
2008,6682902,3383044,21 Rakennuspalo
2008,6682467,3395512,21 Rakennuspalo
2008,6686330,3375757,21 Rakennuspalo
2008,6679884,3384925,21 Rakennuspalo
2008,6676336,3386809,21 Rakennuspalo
2008,6674498,3385358,21 Rakennuspalo
2008,6674011,3374546,21 Rakennuspalo
2008,6680776,3381728,21 Rakennuspalo
2008,6682216,3373561,21 Rakennuspalo
2008,6687084,3380650,21 Rakennuspalo
2008,6673286,3374203,21 Rakennuspalo
2008,6676371,3379624,21 Rakennuspalo
2008,6676589,3384932,21 Rakennuspalo
2008,6687601,3379861,21 Rakennuspalo
2008,6677302,3390854,21 Rakennuspalo
2008,6676326,3386343,21 Rakennuspalo
2008,6677576,3395432,21 Rakennuspalo
2008,6678333,3397251,21 Rakennuspalo
2008,6677790,3376330,21 Rakennuspalo
2008,6678527,3383618,21 Rakennuspalo
2008,6675098,3392276,21 Rakennuspalo
2008,6677806,3376320,21 Rakennuspalo
2008,6676640,3386260,21 Rakennuspalo
2008,6674058,3382655,21 Rakennuspalo
2008,6692783,3385440,21 Rakennuspalo
2008,6677012,3384776,21 Rakennuspalo
2008,6677658,3383966,21 Rakennuspalo
2008,6678425,3387436,21 Rakennuspalo
2008,6679317,3393941,21 Rakennuspalo
2008,6674972,3384845,21 Rakennuspalo
2008,6675867,3376339,21 Rakennuspalo
2008,6682971,3395066,21 Rakennuspalo
2008,6686476,3376032,21 Rakennuspalo
2008,6674354,3387473,21 Rakennuspalo
2008,6667424,3370917,21 Rakennuspalo
2008,6682593,3388781,21 Rakennuspalo
2008,6682490,3382380,21 Rakennuspalo
2008,6672316,3370551,21 Rakennuspalo
2008,6675349,3378421,21 Rakennuspalo
2008,6669890,3373345,21 Rakennuspalo
2008,6678054,3386563,21 Rakennuspalo
2008,6675400,3386846,21 Rakennuspalo
2008,6689698,3389322,21 Rakennuspalo
2008,6683000,3393481,21 Rakennuspalo
2008,6681717,3393769,21 Rakennuspalo
2008,6676299,3386406,21 Rakennuspalo
2008,6674969,3386658,21 Rakennuspalo
2008,6678533,3385107,21 Rakennuspalo
2008,6682040,3390083,21 Rakennuspalo
2008,6670608,3371445,21 Rakennuspalo
2008,6671676,3370956,21 Rakennuspalo
2008,6682545,3395243,21 Rakennuspalo
2008,6679493,3397386,21 Rakennuspalo
2008,6677049,3390728,21 Rakennuspalo
2008,6684973,3376803,21 Rakennuspalo
2008,6676403,3380774,21 Rakennuspalo
2008,6675862,3385249,21 Rakennuspalo
2008,6673114,3382754,21 Rakennuspalo
2008,6676217,3386800,21 Rakennuspalo
2008,6676926,3387028,21 Rakennuspalo
2008,6675278,3373708,21 Rakennuspalo
2008,6676712,3370049,21 Rakennuspalo
2008,6677835,3386564,21 Rakennuspalo
2008,6670175,3373848,21 Rakennuspalo
2008,6690965,3391804,21 Rakennuspalo
2008,6681949,3381599,21 Rakennuspalo
2008,6676984,3378439,21 Rakennuspalo
2008,6687396,3396444,21 Rakennuspalo
2008,6673490,3385251,21 Rakennuspalo
2008,6682139,3389622,21 Rakennuspalo
2008,6678764,3396768,21 Rakennuspalo
2008,6677057,3386389,21 Rakennuspalo
2008,6679454,3395020,21 Rakennuspalo
2008,6684202,3393328,21 Rakennuspalo
2008,6679650,3394948,21 Rakennuspalo
2008,6676577,3385894,21 Rakennuspalo
2008,6677002,3387244,21 Rakennuspalo
2008,6675824,3386950,21 Rakennuspalo
2008,6672214,3388566,21 Rakennuspalo
2008,6683259,3375017,21 Rakennuspalo
2008,6673573,3385471,21 Rakennuspalo
2008,6674663,3384926,21 Rakennuspalo
2008,6674603,3372880,21 Rakennuspalo
2008,6684751,3381479,21 Rakennuspalo
2008,6681230,3380418,21 Rakennuspalo
2008,6674034,3374708,21 Rakennuspalo
2008,6681861,3383352,21 Rakennuspalo
2008,6680409,3382269,21 Rakennuspalo
2008,6676887,3384796,21 Rakennuspalo
2008,6671916,3370956,21 Rakennuspalo
2008,6676037,3386178,21 Rakennuspalo
2008,6675798,3384390,21 Rakennuspalo
2008,6676037,3386178,21 Rakennuspalo
2008,6677835,3386564,21 Rakennuspalo
2008,6676523,3386272,21 Rakennuspalo
2008,6676669,3386173,21 Rakennuspalo
2008,6677835,3386564,21 Rakennuspalo
2008,6681567,3387033,21 Rakennuspalo
2008,6677835,3386564,21 Rakennuspalo
2008,6678239,3386056,21 Rakennuspalo
2008,6681530,3389317,21 Rakennuspalo
2008,6682802,3393634,21 Rakennuspalo
2008,6682992,3388948,21 Rakennuspalo
2008,6680213,3379642,21 Rakennuspalo
2008,6678245,3396892,21 Rakennuspalo
2008,6676037,3386178,21 Rakennuspalo
2008,6676109,3386445,21 Rakennuspalo
2008,6677051,3386853,21 Rakennuspalo
2008,6676102,3386533,21 Rakennuspalo
2008,6686675,3390701,21 Rakennuspalo
2008,6676519,3386986,21 Rakennuspalo
2008,6681738,3380607,21 Rakennuspalo
2008,6687533,3390880,21 Rakennuspalo
2008,6676530,3386021,21 Rakennuspalo
2008,6684785,3389183,21 Rakennuspalo
2008,6676986,3380005,21 Rakennuspalo
2008,6683852,3390212,21 Rakennuspalo
2008,6680033,3394954,21 Rakennuspalo
2008,6689718,3389604,21 Rakennuspalo
2008,6688912,3385349,21 Rakennuspalo
2008,6688644,3390857,21 Rakennuspalo
2008,6675508,3384618,21 Rakennuspalo
2008,6676340,3379840,21 Rakennuspalo
2008,6679953,3374363,21 Rakennuspalo
2008,6672756,3382511,21 Rakennuspalo
2008,6679794,3387356,21 Rakennuspalo
2008,6681931,3391257,21 Rakennuspalo
2008,6679107,3397575,21 Rakennuspalo
2008,6675753,3378213,21 Rakennuspalo
2008,6685193,3388724,21 Rakennuspalo
2008,6672974,3371972,21 Rakennuspalo
2008,6677492,3366389,21 Rakennuspalo
2008,6678819,3396795,21 Rakennuspalo
2008,6673996,3382463,21 Rakennuspalo
2008,6677465,3387500,21 Rakennuspalo
2008,6676948,3386687,21 Rakennuspalo
2008,6675976,3384759,21 Rakennuspalo
2008,6680039,3382212,21 Rakennuspalo
2008,6694553,3393829,21 Rakennuspalo
2008,6683949,3396703,21 Rakennuspalo
2008,6673604,3386560,21 Rakennuspalo
2008,6677980,3382559,21 Rakennuspalo
2008,6672101,3370302,21 Rakennuspalo
2008,6687174,3389536,21 Rakennuspalo
2008,6675105,3375854,21 Rakennuspalo
2008,6683499,3386695,21 Rakennuspalo
2008,6678171,3382640,21 Rakennuspalo
2008,6677153,3391131,21 Rakennuspalo
2008,6678281,3396967,21 Rakennuspalo
2008,6673027,3382556,21 Rakennuspalo
2008,6675304,3385186,21 Rakennuspalo
2008,6689279,3384791,21 Rakennuspalo
2008,6674352,3385035,21 Rakennuspalo
2008,6676445,3386775,21 Rakennuspalo
2008,6679286,3393388,21 Rakennuspalo
2008,6683487,3389595,21 Rakennuspalo
2008,6676849,3387320,21 Rakennuspalo
2008,6679317,3392115,21 Rakennuspalo
2008,6680152,3383864,21 Rakennuspalo
2008,6694808,3392597,21 Rakennuspalo
2008,6672100,3388440,21 Rakennuspalo
2008,6681352,3385691,21 Rakennuspalo
2008,6678068,3385007,21 Rakennuspalo
2008,6680392,3387535,21 Rakennuspalo
2008,6686053,3388909,21 Rakennuspalo
2008,6673858,3385906,21 Rakennuspalo
2008,6680535,3382454,21 Rakennuspalo
2008,6694447,3383633,21 Rakennuspalo
2008,6679725,3397320,21 Rakennuspalo
2008,6674817,3386090,21 Rakennuspalo
2008,6683223,3394018,21 Rakennuspalo
2008,6683525,3386978,21 Rakennuspalo
2008,6685057,3380037,21 Rakennuspalo
2008,6676345,3386853,21 Rakennuspalo
2008,6681635,3383665,21 Rakennuspalo
2008,6672548,3370563,21 Rakennuspalo
2008,6676550,3384531,21 Rakennuspalo
2008,6675987,3374099,21 Rakennuspalo
2008,6674498,3385358,21 Rakennuspalo
2008,6676913,3386778,21 Rakennuspalo
2008,6678664,3391222,21 Rakennuspalo
2008,6676396,3386048,21 Rakennuspalo
2008,6694725,3393913,21 Rakennuspalo
2008,6688953,3370954,21 Rakennuspalo
2008,6674175,3384109,21 Rakennuspalo
2008,6676533,3385878,21 Rakennuspalo
2008,6681515,3385702,21 Rakennuspalo
2008,6684649,3390086,21 Rakennuspalo
2008,6677458,3386778,21 Rakennuspalo
2008,6687432,3380892,21 Rakennuspalo
2008,6690680,3391170,21 Rakennuspalo
2008,6678954,3397333,21 Rakennuspalo
2008,6673724,3383122,21 Rakennuspalo
2008,6673522,3385425,21 Rakennuspalo
2008,6676437,3384915,21 Rakennuspalo
2008,6688779,3396069,21 Rakennuspalo
2008,6694348,3394407,21 Rakennuspalo
2008,6681306,3394975,21 Rakennuspalo
2008,6682965,3395825,21 Rakennuspalo
2008,6682404,3382495,21 Rakennuspalo
2008,6681955,3394954,21 Rakennuspalo
2008,6675319,3386848,21 Rakennuspalo
2008,6683902,3383323,21 Rakennuspalo
2008,6675552,3384845,21 Rakennuspalo
2008,6681337,3390928,21 Rakennuspalo
2008,6678505,3384856,21 Rakennuspalo
2008,6681609,3392568,21 Rakennuspalo
2008,6679869,3394934,21 Rakennuspalo
2008,6675914,3386995,21 Rakennuspalo
2008,6677523,3395461,21 Rakennuspalo
2008,6676659,3386420,21 Rakennuspalo
2008,6684356,3393366,21 Rakennuspalo
2008,6686246,3388525,21 Rakennuspalo
2008,6679668,3394594,21 Rakennuspalo
2008,6694813,3393980,21 Rakennuspalo
2008,6679245,3394434,21 Rakennuspalo
2008,6676531,3385016,21 Rakennuspalo
2008,6679007,3393713,21 Rakennuspalo
2008,6687686,3387355,21 Rakennuspalo
2008,6672161,3370578,21 Rakennuspalo
2008,6680389,3379237,21 Rakennuspalo
2008,6692733,3389806,21 Rakennuspalo
2008,6681905,3379277,21 Rakennuspalo
2008,6678791,3386499,21 Rakennuspalo
2008,6677204,3384435,21 Rakennuspalo
2008,6675125,3374897,21 Rakennuspalo
2008,6678965,3393732,21 Rakennuspalo
2008,6674564,3375147,21 Rakennuspalo
2008,6696120,3378549,21 Rakennuspalo
2008,6677834,3387166,21 Rakennuspalo
2008,6678413,3371609,21 Rakennuspalo
2008,6680152,3380043,21 Rakennuspalo
2008,6684093,3393242,21 Rakennuspalo
2008,6678762,3396858,21 Rakennuspalo
2008,6679208,3393692,21 Rakennuspalo
2008,6692758,3389828,21 Rakennuspalo
2008,6678743,3383448,21 Rakennuspalo
2008,6672579,3382543,21 Rakennuspalo
2008,6678724,3370152,21 Rakennuspalo
2008,6678278,3386098,21 Rakennuspalo
2008,6674361,3386138,21 Rakennuspalo
2008,6683384,3382056,21 Rakennuspalo
2008,6677497,3384202,21 Rakennuspalo
2008,6683502,3390209,21 Rakennuspalo
2008,6685992,3375441,21 Rakennuspalo
2008,6680998,3380627,21 Rakennuspalo
2008,6679181,3370760,21 Rakennuspalo
2008,6682048,3387856,21 Rakennuspalo
2008,6675920,3377815,21 Rakennuspalo
2008,6678770,3383455,21 Rakennuspalo
2008,6686544,3391335,21 Rakennuspalo
2008,6694021,3395371,21 Rakennuspalo
2008,6680527,3368611,21 Rakennuspalo
2008,6674704,3385374,21 Rakennuspalo
2008,6678453,3398038,21 Rakennuspalo
2008,6681964,3391751,21 Rakennuspalo
2008,6676351,3379506,21 Rakennuspalo
2008,6680988,3386672,21 Rakennuspalo
2008,6679042,3394118,21 Rakennuspalo
2008,6676351,3386394,21 Rakennuspalo
2008,6674291,3383591,21 Rakennuspalo
2008,6686984,3381676,21 Rakennuspalo
2008,6675429,3368521,21 Rakennuspalo
2008,6674949,3371533,21 Rakennuspalo
2008,6676094,3381013,21 Rakennuspalo
2008,6674540,3391742,21 Rakennuspalo
2008,6680888,3377408,21 Rakennuspalo
2008,6675206,3377035,21 Rakennuspalo
2008,6681213,3393329,21 Rakennuspalo
2008,6674095,3375049,21 Rakennuspalo
2008,6676718,3384253,21 Rakennuspalo
2008,6688343,3391588,21 Rakennuspalo
2008,6679295,3386227,21 Rakennuspalo
